segment	gene	position	AAchange	frequency
A_ANHUI_1_2013_H7	HA	499	N167D	0.6349
A_ANHUI_1_2013_H7	HA	704	L235Q	0.3592
A_ANHUI_1_2013_H7	HA	769	N257D	0.018000000000000002
A_ANHUI_1_2013_H7	HA	1219	N407D	0.031400000000000004
A_ANHUI_1_2013_MP	M1	88	D30N	0.0115
A_ANHUI_1_2013_MP	M1	91	V31I	0.0111
A_ANHUI_1_2013_MP	M1	92	V31A	0.0134
A_ANHUI_1_2013_MP	M1	328	H110Y	0.010700000000000001
A_ANHUI_1_2013_MP	M1	334	A112S	0.0132
A_ANHUI_1_2013_MP	M1	338	K113R	0.0227
A_ANHUI_1_2013_MP	M1	392	I131T	0.013300000000000001
A_ANHUI_1_2013_MP	M1	428	A143G	0.0197
A_ANHUI_1_2013_MP	M1	495	M165I	0.012199999999999999
A_ANHUI_1_2013_MP	M1	503	T168S	0.014199999999999999
A_ANHUI_1_2013_MP	M1	578	A193V	0.0191
A_ANHUI_1_2013_MP	M1	613	V205I	0.013500000000000002
A_ANHUI_1_2013_MP	M1	620	S207N	0.0177
A_ANHUI_1_2013_MP	M1	623	Q208R	0.0104
A_ANHUI_1_2013_MP	M1	655	V219I	0.0118
A_ANHUI_1_2013_MP	M1	677	S226N	0.0146
A_ANHUI_1_2013_MP	M2	753	S22L	0.0161
A_ANHUI_1_2013_MP	M2	760	E24D	0.0102
A_ANHUI_1_2013_MP	M2	767	V27I	0.0103
A_ANHUI_1_2013_MP	M2	789	G34V	0.013500000000000002
A_ANHUI_1_2013_MP	M2	916	Y76*	0.011200000000000002
A_ANHUI_1_2013_MP	M2	927	Q80R	0.0245
A_ANHUI_1_2013_N9	NA	29	T10I	0.4784
A_ANHUI_1_2013_N9	NA	209	I70N	0.0351
A_ANHUI_1_2013_N9	NA	219	E73D	0.0101
A_ANHUI_1_2013_N9	NA	256	G86R	0.0315
A_ANHUI_1_2013_N9	NA	310	I104V	0.0464
A_ANHUI_1_2013_N9	NA	338	T113K	0.0168
A_ANHUI_1_2013_N9	NA	404	T135K	0.0398
A_ANHUI_1_2013_N9	NA	467	S156N	0.0286
A_ANHUI_1_2013_N9	NA	471	W157*	0.0158
A_ANHUI_1_2013_N9	NA	650	R217L	0.030600000000000002
A_ANHUI_1_2013_N9	NA	805	A269T	0.0374
A_ANHUI_1_2013_N9	NA	841	R281*	0.030600000000000002
A_ANHUI_1_2013_N9	NA	1079	R360K	0.0349
A_ANHUI_1_2013_N9	NA	1180	L394V	0.0334
A_ANHUI_1_2013_N9	NA	1195	S399C	0.0337
A_ANHUI_1_2013_N9	NA	1294	K432E	0.0932
A_ANHUI_1_2013_N9	NA	1363	W455R	0.0349
A_ANHUI_1_2013_N9	NA	1365	W455*	0.0218
A_ANHUI_1_2013_N9	NA	1379	K460R	0.1671
A_ANHUI_1_2013_NP	NP	97	V33I	0.0209
A_ANHUI_1_2013_NP	NP	149	S50N	0.0175
A_ANHUI_1_2013_NP	NP	212	F71S	0.0281
A_ANHUI_1_2013_NP	NP	313	V105M	0.0274
A_ANHUI_1_2013_NP	NP	355	I119L	0.0217
A_ANHUI_1_2013_NP	NP	477	M159I	0.0246
A_ANHUI_1_2013_NP	NP	571	M191V	0.033
A_ANHUI_1_2013_NP	NP	578	L193Q	0.0149
A_ANHUI_1_2013_NP	NP	710	A237G	0.0182
A_ANHUI_1_2013_NP	NP	818	K273R	0.0232
A_ANHUI_1_2013_NP	NP	830	P277L	0.021400000000000002
A_ANHUI_1_2013_NP	NP	1007	A336V	0.0209
A_ANHUI_1_2013_NP	NP	1009	A337T	0.020499999999999997
A_ANHUI_1_2013_NP	NP	1117	A373T	0.1461
A_ANHUI_1_2013_NP	NP	1125	D375E	0.0138
A_ANHUI_1_2013_NP	NP	1191	N397K	0.018500000000000003
A_ANHUI_1_2013_NP	NP	1220	S407N	0.0207
A_ANHUI_1_2013_NP	NP	1309	T437A	0.0158
A_ANHUI_1_2013_NP	NP	1477	A493T	0.0111
A_ANHUI_1_2013_NS	NEP	4	D2N	0.018500000000000003
A_ANHUI_1_2013_NS	NEP	16	V6M	0.0129
A_ANHUI_1_2013_NS	NEP	503	D11N	0.028025
A_ANHUI_1_2013_NS	NEP	552	D27G	0.0453
A_ANHUI_1_2013_NS	NEP	582	S37F	0.0216
A_ANHUI_1_2013_NS	NEP	626	M52V	0.011200000000000002
A_ANHUI_1_2013_NS	NEP	633	D54G	0.020099999999999996
A_ANHUI_1_2013_NS	NEP	660	G63E	0.016
A_ANHUI_1_2013_NS	NEP	698	I76V	0.024
A_ANHUI_1_2013_NS	NEP	731	L87V	0.0321
A_ANHUI_1_2013_NS	NS1	4	D2N	0.018500000000000003
A_ANHUI_1_2013_NS	NS1	16	V6M	0.0129
A_ANHUI_1_2013_NS	NS1	133	G45R	0.032025
A_ANHUI_1_2013_NS	NS1	143	S48N	0.016
A_ANHUI_1_2013_NS	NS1	170	A57G	0.0155
A_ANHUI_1_2013_NS	NS1	250	V84M	0.024399999999999998
A_ANHUI_1_2013_NS	NS1	356	M119K	0.0233
A_ANHUI_1_2013_NS	NS1	370	V124M	0.0102
A_ANHUI_1_2013_NS	NS1	394	A132T	0.0232
A_ANHUI_1_2013_NS	NS1	404	S135N	0.0123
A_ANHUI_1_2013_NS	NS1	463	A155T	0.021
A_ANHUI_1_2013_NS	NS1	494	S165Y	0.0109
A_ANHUI_1_2013_NS	NS1	503	G168E	0.028025
A_ANHUI_1_2013_NS	NS1	626	D209G	0.011200000000000002
A_ANHUI_1_2013_PA	PA	1660	V554I	0.2918
A_ANHUI_1_2013_PA	PA	1867	E623K	0.2976
A_ANHUI_1_2013_PB1	PB1	226	D76N	0.0394
A_ANHUI_1_2013_PB1	PB1	293	S98C	0.06709999999999999
A_ANHUI_1_2013_PB1	PB1	298	P100T	0.0704
A_ANHUI_1_2013_PB1	PB1	452	R151K	0.1243
A_ANHUI_1_2013_PB1	PB1	647	S216N	0.0451
A_ANHUI_1_2013_PB1	PB1	769	A257T	0.0571
A_ANHUI_1_2013_PB1	PB1	1082	S361N	0.0613
A_ANHUI_1_2013_PB1	PB1	1189	I397L	0.0395
A_ANHUI_1_2013_PB1	PB1	1970	Y657F	0.033
A_ANHUI_1_2013_PB1	PB1	2090	E697G	0.042574999999999995
A_ANHUI_1_2013_PB1	PB1	2219	F740C	0.0664
A_ANHUI_1_2013_PB2	PB2	371	R124K	0.0391
A_ANHUI_1_2013_PB2	PB2	553	I185V	0.068225
A_ANHUI_1_2013_PB2	PB2	554	I185N	0.0374
A_ANHUI_1_2013_PB2	PB2	574	E192K	0.0526
A_ANHUI_1_2013_PB2	PB2	595	A199T	0.078775
A_ANHUI_1_2013_PB2	PB2	1069	H357N	0.0206
A_ANHUI_1_2013_PB2	PB2	1217	Q406R	0.035699999999999996
A_ANHUI_1_2013_PB2	PB2	1225	C409R	0.0173
A_ANHUI_1_2013_PB2	PB2	1322	D441G	0.015300000000000001
A_ANHUI_1_2013_PB2	PB2	1522	R508G	0.0364
A_ANHUI_1_2013_PB2	PB2	1531	V511I	0.0604
A_ANHUI_1_2013_PB2	PB2	1595	S532L	0.0574
A_ANHUI_1_2013_PB2	PB2	1601	S534F	0.0836
A_ANHUI_1_2013_PB2	PB2	1633	V545L	0.037000000000000005
A_ANHUI_1_2013_PB2	PB2	1699	D567N	0.0993
A_ANHUI_1_2013_PB2	PB2	1943	V648A	0.0565
A_ANHUI_1_2013_PB2	PB2	2021	A674V	0.037975
